text,date,url
"AndereKrant



















































Volg Ons:       






©2023 De Andere Krant.  Alle rechten voorbehouden.",[],https://deanderekrant.nl/nieuws
"AndereKrant




 Betalingen voor de bestellingen kunnen gedaan worden middels bijgevoegde doneer knop of middels een overschrijving naar:  Stichting KnowledgeMatters  Rekening: NL03TRIO0198093675
Volg Ons:       






©2023 De Andere Krant.  Alle rechten voorbehouden.",[],https://deanderekrant.nl/bestellen
"AndereKrant



















































Volg Ons:       






©2023 De Andere Krant.  Alle rechten voorbehouden.",[],https://deanderekrant.nl/podcast
"AndereKrant




Auteur: Arjen Pasma
Volg Ons:       






©2023 De Andere Krant.  Alle rechten voorbehouden.",[],https://deanderekrant.nl/boeken
"AndereKrant





Volg Ons:       






©2023 De Andere Krant.  Alle rechten voorbehouden.",[],https://deanderekrant.nl/verkooppunten
"AndereKrant







De eerste editie van De Andere Krant werd uitgegeven in maart 2018. De
initiatiefnemers, Madeleine Klinkhamer, Rens van der Bulck en Sander
Compagner zochten naar een methode om het publieke debat te
verbreden. Ze wilden iets maken om daarmee de andere kant van
onderwerpen en thema’s te belichten, waarvoor in de toen
bestaande pers geen ruimte was
en waar ook nog geen ruimte voor wordt gemaakt.


In de huidige pers Nederlandse valt de uniformiteit in de berichtgeving over veel onderwerpen erg op. Over afwijkende meningen, zienswijzen of invalshoeken wordt niet
gerapporteerd, waardoor het Nederlandse publiek na verloop van tijd een uiterst eenzijdig beeld
van de werkelijk krijgt. Wie iets vertelt dat afwijkt van de norm, wordt intussen weggezet als
complotdenker, als (extreem)-rechts, als ontkenner of krijgt een ander stigma zich geplakt.

Bij De Andere Krant hebben we wijsheid en waarheid weliswaar ook niet in pacht maar we achten het aandacht geven aan andere zienswijzen essentieel voor de vrije meningsvorming. We
laten ons geen taboes aanpraten, laat staan opleggen en geloven in een vrij en pluriform
debat. We zijn altijd aanspreekbaar op wat we publiceren en horen
het graag als we er toch blijken naast te zitten.








De Andere Krant is goed wijs.
We willen bijdragen aan een wereld waar iedereen in vrijheid en
harmonie met en ook naast elkaar kan leven. We streven naar een leefomgeving die dat mogelijk maakt en hebben daartoe drie
kernwaarden waaraan we al onze uitingen toetsen; integriteit, verbinding en kwaliteit. 








De Andere Krant is onafhankelijk. De financiering van redactie, vormgeving en drukwerk wordt opgebracht door abonnementen, door losse verkoop en door donaties.
Sinds de start van De Andere Krant wordt er desondanks volop gespeculeerd over hoe we
onze operatie financieren. De eerste uitgave van de themakrant ging over Rusland. Iets dat voor
verschillende media een aanleiding was om een Russische connectie
te veronderstellen. De eerste roebel - zou dat het geval zijn - laat dan wel héél erg lang op zich wachten.
We brengen artikelen met actueel nieuws, met achtergronden, columns, interviews en met opinie. Daarnaast gaat veel van onze aandacht uit naar de positieve ontwikkelingen. Stichting KnowledgeMatters Rekening: NL03TRIO0198093675 OVV - DeAndereKrant De  Krant is daadwerkelijk onafhankelijk. We belichten alle thema’s die volgens ons relevant zijn zonder dogma’s of taboes.We zijn kritisch en staan open voor kritiek. We geven ruim aandacht aan inspirerende en creatieve oplossingen voor de problemen van onze tijd.
Volg Ons:       






©2023 De Andere Krant.  Alle rechten voorbehouden.",[],https://deanderekrant.nl/overons
"AndereKrant




 of koop in de buurt de nieuwste edite.
			
					Neem een proefabonnement of probeer gratis onze special over de Pandemiewet.
				



















Karel Beckman
Arjen PasmaPieter StuurmanSander CompagnerWouter MeijsKarel Beckman

Sticker actie voor contant geld                     
andere






















                     
Volg Ons:       






©2023 De Andere Krant.  Alle rechten voorbehouden.",[],https://deanderekrant.nl/
"AndereKrant




",[],https://deanderekrant.nl/abonnement
"AndereKrant








Twee medewerkers van het bijwerkingencentrum Lareb zijn lid van de door de overheid opgezette geheime Denktank Desinformatie, die propaganda maakt voor de coronavaccinaties en critici van het beleid censureert en intimideert. Eén daarvan is vrijwel zeker directeur Agnes Kant. Dat blijkt uit overheidsdocumenten die zijn geanalyseerd door onafhankelijke onderzoekers Daniël van der Tuin en Cees van den Bos.Agnes Kant is directeur van Lareb, het door het ministerie van Volksgezondheid, Welzijn en Sport (VWS) gefinancierde ‘onafhankelijke’ kenniscentrum dat meldingen van bijwerkingen van geneesmiddelen verzamelt en analyseert. Zij is ook lid van de Vaccinatiealliantie van VWS, die tot doel heeft “de vaccinatiegraad” omhoog te tillen. Daarnaast is de oud-politica verbonden aan de Denktank Desinformatie, een club influencers die in opdracht van VWS kritische geluiden over vaccins en het coronabeleid laat censureren. Kant claimt desondanks dat zij en Lareb onafhankelijk opereren. Vaccinatieslachtoffers beweren het tegenovergestelde en reppen van “Lareb Lariekoek”.


























Volg Ons:       






©2023 De Andere Krant.  Alle rechten voorbehouden.",['Datum: 27 mei 2023\n\t\t\t'],https://deanderekrant.nl/nieuws/de-dubbele-pet-van-agnes-kant-2023-05-27
"AndereKrant




",[],https://deanderekrant.nl/cadeauabonnement
,[],https://deanderekrant.nl/file/DAK:/PDF/DeAndereKrant-2023-05-06.pdf
"AndereKrant








Nederland kent een groot aantal klokkenluiders: personen die misstanden in een bedrijf of organisatie aan de kaak stellen. Hoewel de overheid claimt deze mensen te beschermen, blijken velen na de onthullingen geroyeerd, in de steek gelaten of zelfs in de gevangenis beland te zijn door toedoen of nalatigheid van de Staat. De Andere Krant licht er een aantal schrijnende gevallen uit.Naam Meent van der SluisCasus Gaswinning GroningenStatus Overleden na hartfalenNaam Roelie PostCasus KinderhandelStatus Alles kwijtgeraaktNaam Yvonne BrinkerinkCasus JeugdzorgStatus Gevlucht naar TurkijeNaam Bart van WellCasus Seksueel misbruikStatus In de gevangenisNaam Ad van RooijCasus Lozen gifstoffen industrieStatus OnbekendNaam Wim DankbaarCasus Moordzaak Marianne VaatstraStatus In de gevangenisNaam Paul van BuitenenCasus Vuurwerkramp EnschedeStatus In de steek gelaten door justitie


























Volg Ons:       






©2023 De Andere Krant.  Alle rechten voorbehouden.",['Datum: 26 mei 2023\n\t\t\t'],https://deanderekrant.nl/nieuws/klokkenluiders-niet-beschermd-maar-vervolgd-door-de-staat-2023-05-26
"AndereKrant








De Amerikaanse econoom en Nobelprijswinnaar Paul Krugman zei eens: “Fiatgeld wordt ondersteund door mannen met wapens, bitcoin niet. Dus waarom zou dit ding enige waarde hebben?”


























Volg Ons:       






©2023 De Andere Krant.  Alle rechten voorbehouden.",['Datum: 25 mei 2023\n\t\t\t'],https://deanderekrant.nl/nieuws/hoe-kan-bitcoin-waarde-hebben-2023-05-25
"AndereKrant








 De Europese Unie heeft een Amerikaanse ‘mensenrechtenwet’ overgenomen die Brussel in staat stelt ‘mensenrechtenschenders’ te vervolgen zonder tussenkomst van een rechter. D66-Kamerlid Sjoerd Sjoerdsma heeft hier, met steun van Pieter Omtzigt, een doorslaggevende rol in gespeeld. Sjoerdsma erkent triomfantelijk dat de wet een “politiek instrument” is. Wat in de media wordt verzwegen, is dat de Magnitsky-wet gebaseerd is op grove leugens.


























Volg Ons:       






©2023 De Andere Krant.  Alle rechten voorbehouden.",['Datum: 24 mei 2023\n\t\t\t'],https://deanderekrant.nl/nieuws/eu-militariseert-mensenrechten-met-op-leugens-gebaseerde-magnitsky-wet-2023-05-24
"AndereKrant








Duitsland moet een ‘klimaatpaspoort’ introduceren voor asielzoekers die hun land ontvlucht zijn vanwege klimatologische omstandigheden. Het klimaatpaspoort zou ook recht moeten geven op een ‘klimaatwerkvisum’. Dat is het advies van de Sachverständigenrat für Integration und Migration (SVR, expertcommissie voor integratie en migratie), een onafhankelijke adviesraad van de Duitse regering bestaande uit negen hoogleraren. 


























Volg Ons:       






©2023 De Andere Krant.  Alle rechten voorbehouden.",['Datum: 23 mei 2023\n\t\t\t'],https://deanderekrant.nl/nieuws/adviesorgaan-duitsland-oppert-klimaatpaspoort-2023-05-23
"AndereKrant








Een minderheid van de Nederlanders heeft nog vertrouwen in de media, blijkt uit cijfers van het Centraal Bureau voor Statistiek (CBS). Dit vertrouwen is in 2022 verder gedaald, zo staat in het onderzoek ‘Sociale samenhang en welzijn’.


























Volg Ons:       






©2023 De Andere Krant.  Alle rechten voorbehouden.",['Datum: 22 mei 2023\n\t\t\t'],https://deanderekrant.nl/nieuws/vertrouwen-in-de-pers-opnieuw-gedaald-2023-05-22
"AndereKrant








Maatwerkonderwijs gegeven in een prachtig stukje bos aangrenzend bij een boerenbedrijf. In januari 2024 gaat de buitenschool ‘Being The School’ van start. Voor Franka Dammerman, oprichter van de eigentijdse staatsvrije school, gaat daarmee een lang gekoesterde droom in vervulling.


























Volg Ons:       






©2023 De Andere Krant.  Alle rechten voorbehouden.",['Datum: 21 mei 2023\n\t\t\t'],https://deanderekrant.nl/nieuws/onderwijs-in-eenheid-met-de-natuur-2023-05-21
"AndereKrant








 


























Volg Ons:       






©2023 De Andere Krant.  Alle rechten voorbehouden.",['Datum: 20 mei 2023\n\t\t\t'],https://deanderekrant.nl/nieuws/de-stille-oorlog-om-land-in-oekrane-2023-05-19
"AndereKrant








Congolese mannen, vrouwen en kinderen worden elke dag blootgesteld aan groot gevaar in de kobalt-mijnbouw. Veel Afrikanen delven het giftige bestandsdeel in “mensonterende omstandigheden”, stelt Siddharth Kara, schrijver van het boek ‘Cobalt Red – how the blood of the Congo powers our lives’. Het mineraal is cruciaal voor de productie van lithium-ijzerbatterijen die nodig zijn voor smartphones, laptops en elektrische auto’s.


























Volg Ons:       






©2023 De Andere Krant.  Alle rechten voorbehouden.",['Datum: 19 mei 2023\n\t\t\t'],https://deanderekrant.nl/nieuws/elektrische-autos-rijden-op-het-bloed-van-congolezen-2023-05-20
"AndereKrant








Met zijn boek Filmspeculatie (Cinema Speculation) gidst de wereldberoemde regisseur Quentin Tarantino (1963) de lezer door een prachtige filmische odyssee van de jaren ’70, waarbij hij tien Amerikaanse sleutelfilms onderzoekt die een grote impact op hem hebben gehad. Het boek is een verfijnde melange van filmkritiek, theorie, reportage en persoonlijke geschiedenis, die je middels meeslepende anekdotes nieuwe inzichten geeft in Tarantino’s eigen films. Vanaf de eerste pagina ben je verkocht. 


























Volg Ons:       






©2023 De Andere Krant.  Alle rechten voorbehouden.",['Datum: 18 mei 2023\n\t\t\t'],https://deanderekrant.nl/nieuws/briljante-lofzang-op-filmische-inspiratiebronnen-2023-05-18
"AndereKrant








De Volendamse traditie van vissers die voor dag en dauw uitvaren is vergane glorie. In het dorp, wereldberoemd om zijn visserij, klederdracht en paling, zorgden ooit 258 schepen voor de belangrijkste bron van inkomsten. Inmiddels vaart nog maar één kotter, de VD64, de haven uit om paling te vangen op het IJsselmeer. 


























Volg Ons:       






©2023 De Andere Krant.  Alle rechten voorbehouden.",['Datum: 17 mei 2023\n\t\t\t'],https://deanderekrant.nl/nieuws/de-laatste-palingvisser-van-volendam-gaat-door-tot-het-einde-2023-05-17
"AndereKrant








Europa is bezig economische zelfmoord te plegen. Of eigenlijk: Europese beleidsmakers (inclusief die in Den Haag) zijn bezig de Europese economie te vermoorden.


























Volg Ons:       






©2023 De Andere Krant.  Alle rechten voorbehouden.",['Datum: 16 mei 2023\n\t\t\t'],https://deanderekrant.nl/nieuws/netto-nul-de-zelfmoord-van-europa-2023-05-15
"AndereKrant








Ik ben 4 jaar, bijna 5. Een jaar daarvoor zijn we verhuisd vanuit Aarlanderveen, een klein dorp in het groene hart. Mijn vaders vader was daar Hoofd der School, een strenge man met vaak een zuur gezicht. Mijn vaders moeder kletste over mensen. Mijn moeders moeder, boerin, smeerde de lekkerste boterhammen met zelfgemaakte chocoladeboter: ‘bruin’ noemden wij dat. Mijn moeders vader een rechtschapen boer. Mijn moeder, in die tijd een zuinige, hardwerkende huisvrouw, droeg de schaamte van de liefde voordat mijn vader haar, in het zwart en zonder bruidsboeket, trouwde. 


























Volg Ons:       






©2023 De Andere Krant.  Alle rechten voorbehouden.",['Datum: 4 mei 2023\n\t\t\t'],https://deanderekrant.nl/nieuws/4-mei-1950-2023-05-04
"AndereKrant








Een dictatuur vestigt zich niet van de ene op de andere dag. Het is een proces dat betrekkelijk langzaam begint en vervolgens versnelt. Het is alleen te stoppen als het nog niet te laat is. 


























Volg Ons:       






©2023 De Andere Krant.  Alle rechten voorbehouden.",['Datum: 2 mei 2023\n\t\t\t'],https://deanderekrant.nl/nieuws/overheid-radicaliseert-niet-de-bevolking-2023-05-02
"AndereKrant








Sinds 1848 hebben we in Nederland een bestuursvorm die we democratie noemen. Op heel veel plekken en op heel veel momenten zijn er andere manieren geweest om de macht te verdelen en een land te besturen. Dit heeft tot slechtere en tot betere uitkomsten geleid. De huidige paradox is dat de democratie beschermd wordt met middelen die dezelfde democratie minder democratisch maken. Dit maakt duidelijk dat het niet de democratie is waar het om te doen is. Dan zouden onze bestuurders zelf alles doen wat in hun macht ligt om hun aandeel aan een werkende democratie te vergroten.


























Volg Ons:       






©2023 De Andere Krant.  Alle rechten voorbehouden.",['Datum: 25 april 2023\n\t\t\t'],https://deanderekrant.nl/nieuws/ik-geloof-dat-het-beter-kan-dan-de-huidige-democratie-mag-dat-2023-04-25
"AndereKrant








De BoerBurger Beweging is de grootste geworden, joepie toch? Het heeft weinig te maken met Build Back Better of 666, dat zijn alleen maar complottheorieën, dat hoor je braaf op je klompen aan te voelen. De vlaggen mogen weer omgedraaid worden, want het gevaar is geweken. Met je boerenverstand zou je nooit op iets stemmen wat je op langere termijn uit zou willen kopen en zo verzekert burgerlijk Nederland zich van een toekomst mét eten, Frans Timmermans juicht ook mee. 


























Volg Ons:       






©2023 De Andere Krant.  Alle rechten voorbehouden.",['Datum: 31 maart 2023\n\t\t\t'],https://deanderekrant.nl/nieuws/bbboer-vindt-vrouw-2023-03-25
"AndereKrant








‘Jij bent Europa’, zie ik staan op grote reclameposters van de EU. Gevoel voor humor hebben ze wel, die Brusselse bureaucraten. Ik heb jaren in Brussel rondgelopen, ik weet wel een beetje hoe het er daar aan toe gaat. Geloof me, ‘jij’ bent zeker niet Europa! 


























Volg Ons:       






©2023 De Andere Krant.  Alle rechten voorbehouden.",['Datum: 24 maart 2023\n\t\t\t'],https://deanderekrant.nl/nieuws/de-nieuwe-censuur-2023-03-23
"AndereKrant













































































































































Volg Ons:       






©2023 De Andere Krant.  Alle rechten voorbehouden.",[],https://deanderekrant.nl/nieuws/Opinie
"AndereKrant




 


























Volg Ons:       






©2023 De Andere Krant.  Alle rechten voorbehouden.",['Datum: 10 mei 2023'],https://deanderekrant.nl/podcast/049-pandemiewet-is-een-juridische-staatsgreep-2023-05-10
"AndereKrant





Volg Ons:       






©2023 De Andere Krant.  Alle rechten voorbehouden.",[],https://deanderekrant.nl/pandemiewet
"AndereKrant





Volg Ons:       






©2023 De Andere Krant.  Alle rechten voorbehouden.",[],https://deanderekrant.nl/cash
"AndereKrant





Probeer nu De  Krant voor 6 weken voor slechts € 20, of bestel onze krant los voor € 3,50 per stuk
Volg Ons:       






©2023 De Andere Krant.  Alle rechten voorbehouden.",[],https://deanderekrant.nl/edities
"AndereKrant




(PDF)   Gedicteerd door de WHO, vertaald door het RIVM, in wetten
en regels gegoten door de regering, is het virus de opmaat geworden
tot een totale omvorming van de samenleving met als meest
ontregelende maatregel de 1,5 meter afstandsregel. Over de 1,5 meter
bestaat binnen de wetenschap geen overeenstemming, dat blijkt uit het
feit dat deze afstand per land verschillend is. In sommige landen
gaat het virus één meter ver terwijl de reikwijdte van hetzelfde
virus een grens verder tweemaal zo groot is. Deze willekeurige
maatregel is doorgedrongen tot in alle haarvaten van onze
samenleving. Als het kabinet zijn zin had gekregen lag de 1,5 meter
vandaag al wettelijk vast, op straffe van draconische boetes,
vooralsnog hebben we tot 1 oktober respijt. 1,5 meter zullen we van
elkaar verwijderd blijven.



Wereldwijd worden kliklijnen opgetuigd,
controle-apps geïmplementeerd en vrijheidsbeperkende maatregelen
worden wet. Een overheid die bepaalt met hoeveel personen we in een
auto mogen zitten, of we thuis mensen mogen ontvangen en hoeveel,
welke medicijnen artsen moeten verstrekken en welke
niet-farmaceutische niet, dat we een niet werkend mondkapje moeten
dragen, welke demonstraties wel en welke niet gehouden mogen worden. 







• De mortaliteit van het virus is om
en nabij de 0,02 %, iets lager dan dat van het griepvirus van
griepseizoen 2017-2018. 



• Er bestaat alleen besmettingsgevaar
wanneer een persoon ziek is, symptomen heeft; gezonde mensen brengen
elkaar niet in gevaar. 



• Tussen de 40 procent en 60 procent
van de mensen is van nature immuun voor het virus. Groepsimmuniteit
proberen te bereiken door middel van een vaccin, voor zover dat
überhaupt mogelijk is, is overbodig. 



• In veel landen worden corona
patiënten genezen met een combinatie van hydroxychloroquine, zink en
het antibioticum azytromycine, vooral als ze deze middelen in een
vroeg stadium krijgen toegediend. In Nederland is deze
behandelmethode verboden.






Natuurlijk immuniteit. Onderzoek
 wijst uit dat 40-60 procent van alle mensen immuun is voor het
 virus.
De agenda achter het virus. Hoe
 kan het dat er wereldwijd eenzelfde overreactie plaatsvindt, welke
 actoren hebben invloed op en profiteren van deze situatie.
De effectiviteit (of het gebrek
 daaraan) van de genomen maatregelen, specifiek de lock-down.
De rol en berichtgeving van de
 media over corona.
Voedsel, ons immuunsysteem en
 corona.
De haast met betrekking tot het
 ontwikkelen van een vaccinatie.
En veel meer..


 Dat
de tijden bijzonder en intens zijn, blijkt uit de voorpagina van deze
krant. Het is juli 2020 en we beleven het halfjarige voortbestaan van
het onderwerp waar deze krant over gaat. Het virus en alle nieuws
daarover kwamen gefaseerd deze wereld binnen, als een script dat zich
in alle landen tegelijkertijd ontvouwde en dat zich nog steeds
afspeelt. Een virus met een heel eigen begrippenkader. Lockdown,
zelfisolatie in de vorm van nooit eerder vertoonde quarantaine van
gezonde mensen, 1,5-meter-maatschappij, het nieuwe normaal, een
controle-app, een OMT, dashboards. Een virus dat de mensheid besmet
met angst.Gedicteerd
door de WHO, vertaald door het RIVM, in wetten en regels gegoten door
de regering, is het virus de opmaat geworden van een totale omvorming
van de samenleving met als meest ontrgelende maartegel de 1,5 meter
afstand regel. Over de 1,5 meter bestaat binnen de wetenschap geen
overeenstemming, dat blijkt uit het feit dat deze afstand per land
verschillend is. In sommige landen gaat het virus één meter ver
terwijl de reikwijdte van htezelfde virus een grens verder tweemaal
zo groot is. Deze willekeurige maatregel is doorgedrongen tot in alle
haarvaten van onze samenleving. Als het kabinet zijn zin had gekregen
lag de 1,5 meter vandaag al wettelijk vast, op straffe van
draconische boetes, vooralsnog hebben we tot 1 oktober respijt. 1,5
meter zullen we van elkaar verwijderd blijven. 

Wereldwijd
worden kliklijnen opgetuigd, controle-apps geïmplementeerd en
vrijheidsbeperkende maatregelen worden wet. Een overheid die bepaalt
met hoeveel personen we in een auto mogen zitten, of we thuis mensen
mogen ontvangen en hoeveel, welke medicijnen artsen moeten
verstrekken en welke niet-farmaceutische niet, dat we een niet
werkend mondkapje moeten dragen, welke demonstraties wel en welke
niet gehouden mogen worden. De oplossing wordt gezocht in het
opleggen van eenzaamheid. Deze krant kreeg in de titel 1984 naar de
in 1949 door George Orwell geschreven roman met dezelfde titel. 36
jaar na 1984 lijkt het er steeds meer op dat we in het jaar 1984 van
Orwell beland zijn. Iedereen die deze tijd en de menselijks psyche
beter wilt begrijpen doet er goed aan om deze klassieker te lezen, 
zie ook de beschrijving onder dit redactioneel.
De
feiten zijn als volgt:
• De
mortaliteit van het virus is om en nabij de 0,02 %, iets lager dan
dat van het griepvirus van griepseizoen 2017-2018.• Er
bestaat alleen besmettingsgevaar wanneer een persoon ziek is,
symptomen heeft; gezonde mensen brengen elkaar niet in gevaar. 
• Tussen
de 40% en 60% van de mensen is van nature immuun voor het virus.
Groepsimmuniteit proberen te bereiken door middel van een vaccin,
voor zover dat überhaupt mogelijk is, is overbodig.• In
veel landen worden succesvolle behandelmethoden toegepast. Het hier
verboden hydroxychloroquine (met zink en azytromycine, een
antibioticum) laat keer op keer goede resultaten zien, op voorwaarde
dat het in een vroeg stadium wordt ingezet.Alle
maatregelen die geen basis hebben in de realiteit en onze individuele
en collectieve vrijheden inperken, kunnen alleen bestaan bij het
vrijwillig afnemen en afstaan van deze vrijheden. Hoe ga je om met
jouw medemens, wie bepaalt voor jou wat vrijheid is, welke
verantwoordelijkheid neem je voor jouw handelen? Welke vrijheid is
van jou en neem je?
Dat
de corruptie en controledrift van de macht groter zijn dan we kunnen
overzien geeft ook een andere kant. Als er een wereld met corruptie
mogelijk is, kan er ook een wereld zonder corruptie zijn. Een wereld
zonder winstoogmerk en met liefde en zorg voor alle mensen, leven in
harmonie met onszelf, met elkaar en met de wereld om ons heen. 

Daarom
deze krant. Naast vrijheid van meningsuiting, zijn vrijheid van
beweging, vrijheid van artsenkeuze, vrijheid van zelfbeschikking over
lichaam en gezondheid, absolute voorwaarden voor een wereld van
liefde, vrede en welzijn waarvan wij weten dat ie mogelijk is.
Sander
Compagner

Volg Ons:       






©2023 De Andere Krant.  Alle rechten voorbehouden.",[],https://deanderekrant.nl/edities/7
"AndereKrant




Als ik me op de krant abonneer, wanneer kan ik de krant dan verwachten?Ik heb mijn krant zaterdag niet ontvangen, waar kan ik dit melden?Kan ik mijn abonnement op maandelijks termijn afbetalen?Ik woon het in het buitenland en ik wil abonneren, is dat mogelijk?klatenservice@aboland.nl te mailen met je aanvraag. (Houd wel rekening met een langere bezorgtijd). Jaarabonnement kost €195 en een halfjaar abonnement kost €112.Ik woon in Belgie en ik wil abonneren, hoeveel kost dat?op zaterdag worden geleverd, maar het eerst volgende bezorgmoment erna. Abonneren kan via het inschrijfformulier.Kan ik betalen met Florijn?hierover.Is er een online-abonnement beschikbaar?Staat uw vraag over abonnementen er niet tussen, mail dan uw vraag naar . voor meer info over de algemene voorwaarden van aboland.Wat zijn de Verkoopvoorwaarden?Wat voor bedrijven kunnen verkooppunt worden?Wat is de verkoopprijs van de krant?Betaal ik vooraf voor het aantal kranten dat ik afneem? Hoeveel kranten moet ik afnemen? Wanneer ontvang ik de kranten voor de verkoop?Wanneer kan ik de kranten verkopen?Hoe wordt bekend dat de kranten bij mij te koop zijn?Is er een gratis display verkrijgbaar?Staat mijn vraag er niet bij, mail dan uw vraag naar Binnen hoeveel dagen kan ik mijn bestelling verwachten?Ik heb de krant niet ontvangen, hoe kan ik hem alsnog ontvangen?dinsdag. Mocht dit alsnog niet het geval zijn stuur dan een mail naar: klantenservice@aboland.nl . Zij zullen vervolgens kosteloos een krant opsturen.Als ik mijn bestelling niet heb ontvangen, waar moet ik dat melden?Hoe kan ik in contact komen met de redactie?redactie@deanderekrant.nl.Zijn er nog open vacatures?redactie@deanderekrant.nl.Hoe kan ik De Andere Krant steunen?Stuur een mail naar 
Volg Ons:       






©2023 De Andere Krant.  Alle rechten voorbehouden.",[],https://deanderekrant.nl/FAQ
"AndereKrant




",[],https://deanderekrant.nl/doneeractie
"AndereKrant



















































Volg Ons:       






©2023 De Andere Krant.  Alle rechten voorbehouden.",[],https://deanderekrant.nl/nieuws
"AndereKrant








De Denktank Desinformatie zorgt er sinds haar oprichting in 2019 voor dat kritiek op vaccins of het coronabeleid gecensureerd wordt op de sociale media. Arjan El Fassed (ex-Groenlinks, nu Google) en Edo Haveman (ex-D66, nu Facebook) nemen namens big tech zitting in deze groep van influencers aangestuurd door het ministerie van VWS. Zij censureren er flink op los, tonen Wob-onderzoekers Cees van den Bos en Daniël van der Tuin aan. Ondernemer Erik van der Horst ondervond het aan den lijve. Kinderarts Illy: vaccinpropagandist, OMT- en Denktanklid


























Volg Ons:       






©2023 De Andere Krant.  Alle rechten voorbehouden.",['Datum: 15 mei 2023\n\t\t\t'],https://deanderekrant.nl/nieuws/ex-leden-groenlinks-en-d66-oefenen-namens-denktank-censuur-uit-bij-google-en-facebook-2023-05-14
"AndereKrant








Vredesactivist en kunstenaar Jakob de Jonge werkt met de organisatie The Hague Peace Projects aan een opleving van de vredesbeweging. Daarvoor is volgens hem nodig dat mensen gaan inzien dat niet alleen Vladimir Poetin, maar ook westerse machthebbers schuld hebben aan het ontstaan van de oorlog in Oekraïne. De domineeszoon en broer van minister Hugo de Jonge begrijpt niet waarom er in de media geen ruimte is voor de andere kant van het verhaal. Links is volgens hem “misleid”. “Voor de nucleaire bom maakt het niet uit of je rechts of links bent. Die maakt ons allemaal dood. We moeten hierin dus samen optrekken.”Het is vandaag Nationale Dodenherdenking. Zelensky bezoekt het Binnenhof in Den Haag, het Internationaal Strafhof in Scheveningen en vliegbasis Soesterberg. Wat moeten we daarvan denken?Hij is uitgenodigd. Dan heeft hij de datum waarschijnlijk niet zelf gekozen.Staat voor jou vast dat de Russen winnen?Dat was een maand na aanvang van de oorlog. Wat hebben de Russen daarna bereikt?Je verwijt Zelensky dat hij z’n volk voor de leeuwen werpt, maar je erkent dat de Russen nooit Oekraïne hadden mogen binnenvallen?Wat had Zelensky anders moeten doen dan het verdedigen van zijn land?Je wordt wel ‘de linkse broer van Hugo de Jonge’ genoemd. Herken je je daarin? Hoe kan het dat PvdA, Groenlinks, SP, maar ook vredesorganisatie Pax, het leveren van wapens nu zien als oplossing voor oorlog?Links is nuttige idioot van het militair-industrieel complex geworden, met belang bij spanningen en de instandhouding daarvan?Ben jij een pacifist?Hoe ga jij met The Hague Peace Projects zorgen voor vrede in Oekraïne?


























Volg Ons:       






©2023 De Andere Krant.  Alle rechten voorbehouden.",['Datum: 14 mei 2023\n\t\t\t'],https://deanderekrant.nl/nieuws/voor-de-nucleaire-bom-maakt-het-niet-uit-of-je-rechts-of-links-bent-2023-05-14
"AndereKrant








Werknemers in Nederland krijgen al decennia veel te weinig pensioen uitgekeerd in verhouding tot wat ze aan premies betalen. Naar schatting 40 procent van wat in de pensioenpotten zou moeten zitten, is verdampt, voornamelijk door onnodig hoge kosten, zegt financieel expert Ab Flipse in een interview met De Andere Krant. “Het is het grootste schandaal ooit.” Flipse baseert zich op informatie van pensioenexperts, met wie hij samen een plan heeft bedacht om het pensioensysteem om te vormen. Andere deskundigen noemen zijn inschatting overdreven.


























Volg Ons:       






©2023 De Andere Krant.  Alle rechten voorbehouden.",['Datum: 13 mei 2023\n\t\t\t'],https://deanderekrant.nl/nieuws/ab-flipse-dit-is-het-grootste-schandaal-ooit-2023-05-12
"AndereKrant








Een handjevol ‘public health’ functionarissen, gelieerd aan globalistische organisaties als het World Economic Forum, de Wellcome Trust en de Bill & Melinda Gates Foundation, wist tijdens de coronacrisis de hele wereld mondkapjes op te dringen. Ze deden dit niet om gezondheidsredenen, maar om ‘altruïstisch gedrag’ en ‘solidariteit’ af te dwingen. Ondanks overstelpend bewijs dat het dragen van mondkapjes nutteloos en schadelijk is, verspreiden ze hun mondkapjes-ideologie nog altijd.Greenhalgh, Tufecki en Howard zijn niet de enige ‘influencers’ die campagne voerden voor de mondkapdwang. Volgens een artikel in de Britse krant Telegraph van 5 januari 2023, was het de gedragspsycholoog David Halpern die de Britse premier Boris Johnson ertoe overhaalde om een mondkapplicht in te voeren. Het artikel noemt daarnaast professor Yik-Ying Teo, van de Saw Swee Hock School of Public Health van de Universiteit van Singapore, en professor Laura Kwang, van de School of Public Health in Berkely, Californië, als belangrijke pleitbezorgers van de mondkapplicht. Teo, een wiskundige, werkte als onderzoeker bij de Wellcome Trust. Kwong werkt voor de Global Environmental Health Equity Lab, dat sociologisch onderzoek doet naar “ongelijkheid in de publieke gezondheidszorg”. Het artikel in de Telegraph, waarin het dragen van mondkapjes nog altijd wordt geprezen als daad van collectieve solidariteit, is geschreven door Ruth Dove in opdracht van het Reckitt Global Hygiene Institute (RGHI), dat nauwe banden heeft met farmaceutische concerns en internationale organisaties in de publieke gezondheidszorg, waaronder Merck, de Gates Foundation, de Wereldbank en de WHO en diverse Chinese universiteiten.Verantwoording


























Volg Ons:       






©2023 De Andere Krant.  Alle rechten voorbehouden.",['Datum: 12 mei 2023\n\t\t\t'],https://deanderekrant.nl/nieuws/hoe-globalistische-functionarissen-de-wereldbevolking-aan-het-mondkapje-hielpen-2023-05-12
"AndereKrant








De EU stelt voor, met steun van Nederland, de directeur-­generaal van de WHO de macht te geven eigenhandig te beslissen wanneer er sprake is van een wereldwijde gezondheidsdreiging en welke maatregelen lidstaten moeten nemen om daar het hoofd aan te bieden. Daarbij horen lockdowns, QR-toegangsbewijzen, grenssluitingen, vaccinatiepaspoorten en andere vrijheidsbeperkende maatregelen. Critici noemen de EU-voorstellen een blauwdruk voor een wereldwijde gezondheidsdictatuur.


























Volg Ons:       






©2023 De Andere Krant.  Alle rechten voorbehouden.",['Datum: 11 mei 2023\n\t\t\t'],https://deanderekrant.nl/nieuws/eu-wil-directeur-who-aanstellen-als-gezondheidskeizer-2023-05-11
"AndereKrant








Geachte leden van de Eerste Kamer,


























Volg Ons:       






©2023 De Andere Krant.  Alle rechten voorbehouden.",['Datum: 9 mei 2023\n\t\t\t'],https://deanderekrant.nl/nieuws/de-pandemiewet-is-een-belediging-voor-het-nederlandse-volk-2023-05-09
"AndereKrant








De coronapandemie werd voor een groot deel aangestuurd door dagelijkse ‘besmettingscijfers’ die waren gebaseerd op de uitslagen van PCR-testen. Maar de PCR-test kan geen besmettelijkheid aantonen, stellen diverse PCR-experts – althans niet voor grote groepen mensen zonder symptomen en zonder aanvullende medische diagnose. “Er was geen pandemie, eerder een PCR-demie”, stelt moleculair bioloog dr. Pieter Borger.


























Volg Ons:       






©2023 De Andere Krant.  Alle rechten voorbehouden.",['Datum: 8 mei 2023\n\t\t\t'],https://deanderekrant.nl/nieuws/het-pcr-testbeleid-gaat-helemaal-nergens-over-2023-05-08
"AndereKrant








Met een wet (de vernieuwde Wpg) die politici de macht geeft om permanent te maken wat voorheen tijdelijk was (spoedwet), kunnen we in de toekomst meer van hetzelfde verwachten: meer corruptie, meer vrijheidsberoving, meer chaos. We willen het liefst vergeten wat er is gebeurd, maar juist nu moeten we terugkijken, om te voorkomen dat het weer gebeurt. 


























Volg Ons:       






©2023 De Andere Krant.  Alle rechten voorbehouden.",['Datum: 7 mei 2023\n\t\t\t'],https://deanderekrant.nl/nieuws/pandemiewet-zet-deur-open-voor-permanente-corruptie-2023-05-06
"AndereKrant








Het lijkt er op dat de Eerste Kamer het wetsvoorstel dat in de volksmond de Pandemiewet is gaan heten zal goedkeuren. De Pandemiewet geeft de minister van Volksgezondheid, Welzijn en Sport (VWS) ongekende macht om zelfstandig een pandemie af te kondigen en dezelfde maatregelen te activeren als in de coronatijd. Hoewel de Pandemiewet nauwelijks aandacht krijgt in de media, laat een klein groepje critici van zich horen. Het gaat daarbij onder meer om de Vierde Golf, een brede beweging van ‘links ontheemden’, artsen en medici verenigd in het Artsen Collectief, de wetenschappers van de Biomedische Rekenkamer, en onafhankelijke juristen als Meike Terhorst. Hun kritiek: de Pandemiewet is onnodig, schendt de grondrechten van burgers, en geeft ongekende macht aan de regering. “De democratische rechtsstaat staat op het spel.” De coronamaatregelen zijn nooit geëvalueerd, maar staan toch weer in de wetOpheffing medisch geheim (bestaande Wpg artikel 66) Verplichte quarantaine (wetsvoorstel 58r bij inreizen)Controleren van huis en haard (wetsvoorstel 58k en 58i)Opheffing privacy bij onderwijs en ouderen (bestaande Wpg artikel 5.3 resp. 5a)Vaccinatie is opnieuw de (enige) oplossing (bestaande Wpg 6b)Noodbevoegdheid (wetsvoorstel 58d)Geen oog voor maatschappelijke schade (wetsvoorstel artikel 58b)De Pandemiewet is overbodigEffect maatregelen is onmeetbaar


























Volg Ons:       






©2023 De Andere Krant.  Alle rechten voorbehouden.",['Datum: 6 mei 2023\n\t\t\t'],https://deanderekrant.nl/nieuws/de-pandemiewet-regering-krijgt-ongekende-macht-over-dagelijks-leven-2023-05-06
"AndereKrant








“In de westerse samenleving nemen aantal en ernst van allergieën snel toe”, aldus de Wageningen Universiteit (WUR) op haar website. “Een verdubbeling in de laatste 25 jaar.” Een dergelijke toename kan niet alleen worden toegeschreven aan erfelijke veranderingen. Omgevingsfactoren moeten “een grote rol spelen”. Ook aluminiumhoudende vaccins zijn daarbij in beeld.     


























Volg Ons:       






©2023 De Andere Krant.  Alle rechten voorbehouden.",['Datum: 5 mei 2023\n\t\t\t'],https://deanderekrant.nl/nieuws/rol-vaccins-bij-toename-allergien-2023-05-05
"AndereKrant





















































































































Volg Ons:       






©2023 De Andere Krant.  Alle rechten voorbehouden.",[],https://deanderekrant.nl/nieuws/2023Q2
"AndereKrant

























































































































































































Volg Ons:       






©2023 De Andere Krant.  Alle rechten voorbehouden.",[],https://deanderekrant.nl/nieuws/2023Q1
"AndereKrant















































































































































































Volg Ons:       






©2023 De Andere Krant.  Alle rechten voorbehouden.",[],https://deanderekrant.nl/nieuws/2022Q4
"AndereKrant





























































































































































































Volg Ons:       






©2023 De Andere Krant.  Alle rechten voorbehouden.",[],https://deanderekrant.nl/nieuws/2022Q3
"AndereKrant















































































































































































Volg Ons:       






©2023 De Andere Krant.  Alle rechten voorbehouden.",[],https://deanderekrant.nl/nieuws/2022Q2
"AndereKrant







































































































































































Volg Ons:       






©2023 De Andere Krant.  Alle rechten voorbehouden.",[],https://deanderekrant.nl/nieuws/2022Q1
"AndereKrant





























































































































































Volg Ons:       






©2023 De Andere Krant.  Alle rechten voorbehouden.",[],https://deanderekrant.nl/nieuws/2021Q4
"AndereKrant



















Volg Ons:       






©2023 De Andere Krant.  Alle rechten voorbehouden.",[],https://deanderekrant.nl/nieuws/2021Q3
"AndereKrant

















Volg Ons:       






©2023 De Andere Krant.  Alle rechten voorbehouden.",[],https://deanderekrant.nl/nieuws/2021Q2
"AndereKrant



















Volg Ons:       






©2023 De Andere Krant.  Alle rechten voorbehouden.",[],https://deanderekrant.nl/nieuws/2021Q1
"AndereKrant



























Volg Ons:       






©2023 De Andere Krant.  Alle rechten voorbehouden.",[],https://deanderekrant.nl/nieuws/2020Q4
"AndereKrant



















Volg Ons:       






©2023 De Andere Krant.  Alle rechten voorbehouden.",[],https://deanderekrant.nl/nieuws/2020Q3
"AndereKrant

























Volg Ons:       






©2023 De Andere Krant.  Alle rechten voorbehouden.",[],https://deanderekrant.nl/nieuws/2020Q2
"AndereKrant





























Volg Ons:       






©2023 De Andere Krant.  Alle rechten voorbehouden.",[],https://deanderekrant.nl/nieuws/2020Q1
"AndereKrant




 Betalingen voor de bestellingen kunnen gedaan worden middels bijgevoegde doneer knop of middels een overschrijving naar:  Stichting KnowledgeMatters  Rekening: NL03TRIO0198093675
Volg Ons:       






©2023 De Andere Krant.  Alle rechten voorbehouden.",[],https://deanderekrant.nl/bestellen
"AndereKrant



















































Volg Ons:       






©2023 De Andere Krant.  Alle rechten voorbehouden.",[],https://deanderekrant.nl/podcast
,[],https://deanderekrant.nl/file/DAK:/Podcast/AK 049 Pandemiewet is een juridische staatsgreep.mp3
"AndereKrant





Deze week praten we met Karsten van Asdonk, schrijver van het boek ""Energie in overvloed"". Karsten studeerde aan de TU Eindhoven en behaalde zijn bachelor. Na het uitbrengen van zijn boek in 2022 is hij actief bezig met het geven van lezingen over vrije energie. In de podcast vertelt hij wat vrije energie is en hoe het werkt.Volg Karsten met zijn lezingen via zijn website: 

De Andere Krant zal binnenkort een nieuw programma introduceren die de huidige Andere Agenda Podcast zal vervangen. Laat ons weten welke onderwerpen jullie graag besproken willen hebben in de toekomst. 


























Volg Ons:       






©2023 De Andere Krant.  Alle rechten voorbehouden.",['Datum: 11 april 2023'],https://deanderekrant.nl/podcast/048-bestaat-vrije-energie-2023-04-11
"AndereKrant




 


























Volg Ons:       






©2023 De Andere Krant.  Alle rechten voorbehouden.",['Datum: 29 maart 2023'],https://deanderekrant.nl/podcast/047-peter-toonen-over-pioniers-van-de-vrije-media-2023-03-29
"AndereKrant




 


























Volg Ons:       






©2023 De Andere Krant.  Alle rechten voorbehouden.",['Datum: 22 maart 2023'],https://deanderekrant.nl/podcast/046-waarom-is-verkiezingsfraude-vs-onbespreekbaar-2023-03-22
"AndereKrant





Deze week praat ik met oprichter van het platform Keuze Vrij Bij Mij Olaf Weller.


We praten over nieuwe wereld ondernemers, de 7 daagse Florijn Challenge en Goodbye Big Tech!


7 maart staat er een nieuwe bijeenkomst gepland voor nieuwe wereld ondernemers in Breda. Kijk hier voor meer informatie:  


























Volg Ons:       






©2023 De Andere Krant.  Alle rechten voorbehouden.",['Datum: 1 maart 2023'],https://deanderekrant.nl/podcast/045-de-7-daagse-florijn-challange-2023-03-01
"AndereKrant





Er zijn veel steden in Nederland bezig om een Smart City te worden. Maar In wat voor toekomstige stad willen burgers zelf wonen? Jan van Gils, voorzitter van de Stichting Stop 5g Nederland organiseert samen met Stichting StralingsbewustZeist een Smart City Conferentie op zaterdag 4 maart in Zeist. Welke onderwerpen komen aan bod? en wat zijn de laatste Smart City ontwikkelingen?

Kijk hier voor meer informatie over de conferentie:  


























Volg Ons:       






©2023 De Andere Krant.  Alle rechten voorbehouden.",['Datum: 22 februari 2023'],https://deanderekrant.nl/podcast/044-is-er-cht-vooruitgang-met-de-smart-city-2023-02-22
"AndereKrant




Deze week praat ik met monetair hervormer & oprichter van de Florijn Anthony Migchels. Zondag 5 februari was hij één van de sprekers op de demonstratie in Amsterdam tegen de CBDC. In de podcast praten we over de Florijn, CBDC, geopolitiek, mogelijke black-outs en goud en zilver.
Meer info over de Florijn:  


























Volg Ons:       






©2023 De Andere Krant.  Alle rechten voorbehouden.",['Datum: 20 februari 2023'],https://deanderekrant.nl/podcast/043-is-de-florijn-de-oplossing-tegen-de-cbdc-2023-02-20
"AndereKrant




 


























Volg Ons:       






©2023 De Andere Krant.  Alle rechten voorbehouden.",['Datum: 1 februari 2023'],https://deanderekrant.nl/podcast/042-hoe-kom-ik-bij-het-geluksgevoel-2023-02-01
"AndereKrant





Deze week aandacht voor de uitrol van 5G en straling. Sylvia Slegers doet al jaren onderzoek naar de effecten van 5G en straling en schrijft er regelmatig over in de Andere Krant.

Zondag 29 januari geeft ze een lezing in de Metaal Kathedraal (Utrecht) 'Hoe gaaf is 5G?'.

Link antennekaart Nederland: 

Aanmelden lezing Hoe gaaf is 5G:  


























Volg Ons:       






©2023 De Andere Krant.  Alle rechten voorbehouden.",['Datum: 27 januari 2023'],https://deanderekrant.nl/podcast/041-5g-het-onbesproken-gevaar-2023-01-27
"AndereKrant




 


























Volg Ons:       






©2023 De Andere Krant.  Alle rechten voorbehouden.",['Datum: 18 januari 2023'],https://deanderekrant.nl/podcast/040-decentraal-internet-waarom-en-hoe-2023-01-18
"AndereKrant




Deze week praat ik met vertaler Jan Ott van de Oera Linda Codex.

In 1867 zijn er in Friesland oude geschriften gevonden die een nieuw verhaal vertellen over onze vaderlandse geschiedenis. Zijn de geschriften authentiek of is er sprake van een slechte grap? Vertaler Jan Ott is er al jaren mee bezig en praat ons bij in de podcast!

Oera Linda Foundation | Codex Oera Linda
 


























Volg Ons:       






©2023 De Andere Krant.  Alle rechten voorbehouden.",['Datum: 12 januari 2023'],https://deanderekrant.nl/podcast/039-vertelt-oera-linda-de-ware-geschiedenis-van-nederland-2023-01-12
"AndereKrant





Deze week praat ik met stand-up comedian Wouter Meijs van het collectief Hart voor Humor.

Hoe belangrijk is humor eigenlijk in deze tijd? En kun je overal grappen over maken of zijn er wel degelijk grenzen?

Hart voor Humor heeft een eigen website: 

Volg Wouter op Instagram:  


























Volg Ons:       






©2023 De Andere Krant.  Alle rechten voorbehouden.",['Datum: 3 januari 2023'],https://deanderekrant.nl/podcast/038-cabaretier-wouter-meijs-over-stand-up-tijdens-lockdown-2022-02-16
"AndereKrant





Deze week praat ik met voormalig advocaat Rob van der Well over zijn boek Dic-to-cratie. De algemene overtuiging is dat we in een democratie leven. Maar is die overtuiging terecht? In de podcast doet Rob zijn verhaal met persoonlijke anekdotes.


Meer info over het boek:  


























Volg Ons:       






©2023 De Andere Krant.  Alle rechten voorbehouden.",['Datum: 29 november 2022'],https://deanderekrant.nl/podcast/037-de-elite-en-de-schijndemocratie-2022-11-29
"AndereKrant




Deze week hoor je alles over water. De Metaal Kathedraal is misschien wel het best bewaarde geheim van Utrecht. Er zijn vanaf 22 oktober workshops en lezingen te zien over de belangrijkste substantie die we kennen: water.

Ik praat deze week met Maureen Baas & Iris Huizing.

Meer info:  


























Volg Ons:       






©2023 De Andere Krant.  Alle rechten voorbehouden.",['Datum: 26 oktober 2022'],https://deanderekrant.nl/podcast/036-metaal-kathedraal-we-weet-jij-over-water-2022-10-26
"AndereKrant




Deze week praat ik met Vrouwen Voor Vrijheid over het dansfeest op 28 oktober en Anke Weber Smit vertelt over werken met het kwantumveld. 


























Volg Ons:       






©2023 De Andere Krant.  Alle rechten voorbehouden.",['Datum: 18 oktober 2022'],https://deanderekrant.nl/podcast/035-vrouwen-voor-vrijheid--het-kwantumveld-2022-10-18
"AndereKrant




 


























Volg Ons:       






©2023 De Andere Krant.  Alle rechten voorbehouden.",['Datum: 11 oktober 2022'],https://deanderekrant.nl/podcast/035-de-ondernemende-school--peter-toonen-2022-10-11
"AndereKrant




Deze week hoor je Saskia Frederiks over hoe je een verkoudheid kunt verlichten met wikkels, kompressen en hete grog. En we praten met Mark Romijn over een locatie die zich aanjager van de nieuwe wereld mag noemen: Op Hodenpijl!

Tips over wondermiddeltjes uit grootmoeders tijd: 

Meer informatie over Op Hodenpijl:  


























Volg Ons:       






©2023 De Andere Krant.  Alle rechten voorbehouden.",['Datum: 5 oktober 2022'],https://deanderekrant.nl/podcast/034-hete-grog--op-hodenpijl-2022-10-05
"AndereKrant





In de tweede editie van De Andere Agenda Podcast praat ik met Katie Janssen over haar Realise Potential Goals en ga ik de natuur in met Karlijn van den elshout voor een wildpluk workshop! 


























Volg Ons:       






©2023 De Andere Krant.  Alle rechten voorbehouden.",['Datum: 27 september 2022'],https://deanderekrant.nl/podcast/033-rpgs--wildplukken-2022-09-27
"AndereKrant




In de eerste aflevering van de Andere Agenda Podcast gaan we in gesprek met Anthony Migchels (Oprichter Florijn) & Saskia Frederiks (Andere Krant). Nieuwe Wereld Ondernemers komen samen in Rotterdam om te verbinden. En waar begin je bij een voedselvoorraad? 


























Volg Ons:       






©2023 De Andere Krant.  Alle rechten voorbehouden.",['Datum: 19 september 2022'],https://deanderekrant.nl/podcast/032-nieuwe-wereld-ondernemers--voedselvoorraden-2022-09-19
"AndereKrant




 


























Volg Ons:       






©2023 De Andere Krant.  Alle rechten voorbehouden.",['Datum: 8 augustus 2022'],https://deanderekrant.nl/podcast/031-cognitieve-oorlogsvoering-2022-01-19
"AndereKrant




 


























Volg Ons:       






©2023 De Andere Krant.  Alle rechten voorbehouden.",['Datum: 6 juli 2022'],https://deanderekrant.nl/podcast/030-staatsvrije-school-libbenewiis-2022-07-06
"AndereKrant




 


























Volg Ons:       






©2023 De Andere Krant.  Alle rechten voorbehouden.",['Datum: 6 juli 2022'],https://deanderekrant.nl/podcast/029-free-spirits-community-nederland-2022-07-06
"AndereKrant




 


























Volg Ons:       






©2023 De Andere Krant.  Alle rechten voorbehouden.",['Datum: 6 juni 2022'],https://deanderekrant.nl/podcast/028-nuance-in-het-klimaatdebat-2022-06-06
"AndereKrant




Auteur: Arjen Pasma
Volg Ons:       






©2023 De Andere Krant.  Alle rechten voorbehouden.",[],https://deanderekrant.nl/boeken
"AndereKrant




 Betalingen voor de bestellingen kunnen gedaan worden middels bijgevoegde doneer knop of middels een overschrijving naar:  Stichting KnowledgeMatters  Rekening: NL03TRIO0198093675
Volg Ons:       






©2023 De Andere Krant.  Alle rechten voorbehouden.",[],https://deanderekrant.nl/bestellen?btab=Merch&ak-boek-we_kunnen_het_zelf-=1
"AndereKrant





Volg Ons:       






©2023 De Andere Krant.  Alle rechten voorbehouden.",[],https://deanderekrant.nl/boeken/Alles
"AndereKrant





Volg Ons:       






©2023 De Andere Krant.  Alle rechten voorbehouden.",[],https://deanderekrant.nl/boeken/gezondheid
"AndereKrant





Volg Ons:       






©2023 De Andere Krant.  Alle rechten voorbehouden.",[],https://deanderekrant.nl/boeken/Financieel
"AndereKrant





Volg Ons:       






©2023 De Andere Krant.  Alle rechten voorbehouden.",[],https://deanderekrant.nl/boeken/Klimaat
"AndereKrant





Volg Ons:       






©2023 De Andere Krant.  Alle rechten voorbehouden.",[],https://deanderekrant.nl/boeken/Latijns-Amerika
"AndereKrant





Volg Ons:       






©2023 De Andere Krant.  Alle rechten voorbehouden.",[],https://deanderekrant.nl/boeken/media
"AndereKrant





Volg Ons:       






©2023 De Andere Krant.  Alle rechten voorbehouden.",[],https://deanderekrant.nl/boeken/Macht
"AndereKrant





Volg Ons:       






©2023 De Andere Krant.  Alle rechten voorbehouden.",[],https://deanderekrant.nl/boeken/MH17
"AndereKrant





Volg Ons:       






©2023 De Andere Krant.  Alle rechten voorbehouden.",[],https://deanderekrant.nl/boeken/Rusland
"AndereKrant





Volg Ons:       






©2023 De Andere Krant.  Alle rechten voorbehouden.",[],https://deanderekrant.nl/boeken/9-11
"AndereKrant





Volg Ons:       






©2023 De Andere Krant.  Alle rechten voorbehouden.",[],https://deanderekrant.nl/boeken/9-11/911-wie-is-bang-voor-de-andere-waarheid-deel-1-en-2
"AndereKrant





Volg Ons:       






©2023 De Andere Krant.  Alle rechten voorbehouden.",[],https://deanderekrant.nl/boeken/Rusland/rusland-begrijpen
"AndereKrant





Volg Ons:       






©2023 De Andere Krant.  Alle rechten voorbehouden.",[],https://deanderekrant.nl/boeken/Financieel/een-nder-soort-geld
"AndereKrant





Volg Ons:       






©2023 De Andere Krant.  Alle rechten voorbehouden.",[],https://deanderekrant.nl/boeken/Gezondheid/baarmoederhalskanker-2020-01-06
"AndereKrant





Volg Ons:       






©2023 De Andere Krant.  Alle rechten voorbehouden.",[],https://deanderekrant.nl/boeken/Gezondheid
"AndereKrant





Volg Ons:       






©2023 De Andere Krant.  Alle rechten voorbehouden.",[],https://deanderekrant.nl/boeken/gezondheid/em-in-de-praktijk-2020-01-06
"AndereKrant





Volg Ons:       






©2023 De Andere Krant.  Alle rechten voorbehouden.",[],https://deanderekrant.nl/boeken/MH17/absturz-der-mh-17-2020-05-06
"AndereKrant





Volg Ons:       






©2023 De Andere Krant.  Alle rechten voorbehouden.",[],https://deanderekrant.nl/boeken/Oekraïne/oekrane-in-het-kruisvuur-2020-05-06
"AndereKrant





Volg Ons:       






©2023 De Andere Krant.  Alle rechten voorbehouden.",[],https://deanderekrant.nl/boeken/Oekraïne
"AndereKrant





Volg Ons:       






©2023 De Andere Krant.  Alle rechten voorbehouden.",[],https://deanderekrant.nl/boeken/Latijns-Amerika/how-the-us-creates-shthole-countries
"AndereKrant





Volg Ons:       






©2023 De Andere Krant.  Alle rechten voorbehouden.",[],https://deanderekrant.nl/boeken/media/gebakken-lucht
"AndereKrant





Volg Ons:       






©2023 De Andere Krant.  Alle rechten voorbehouden.",[],https://deanderekrant.nl/boeken/Klimaat/spiegelzee-2021-03-29
"AndereKrant





Volg Ons:       






©2023 De Andere Krant.  Alle rechten voorbehouden.",[],https://deanderekrant.nl/boeken/Macht/how-they-rule-the-world-2021-05-13
"AndereKrant





Volg Ons:       






©2023 De Andere Krant.  Alle rechten voorbehouden.",[],https://deanderekrant.nl/verkooppunten
"AndereKrant







De eerste editie van De Andere Krant werd uitgegeven in maart 2018. De
initiatiefnemers, Madeleine Klinkhamer, Rens van der Bulck en Sander
Compagner zochten naar een methode om het publieke debat te
verbreden. Ze wilden iets maken om daarmee de andere kant van
onderwerpen en thema’s te belichten, waarvoor in de toen
bestaande pers geen ruimte was
en waar ook nog geen ruimte voor wordt gemaakt.


In de huidige pers Nederlandse valt de uniformiteit in de berichtgeving over veel onderwerpen erg op. Over afwijkende meningen, zienswijzen of invalshoeken wordt niet
gerapporteerd, waardoor het Nederlandse publiek na verloop van tijd een uiterst eenzijdig beeld
van de werkelijk krijgt. Wie iets vertelt dat afwijkt van de norm, wordt intussen weggezet als
complotdenker, als (extreem)-rechts, als ontkenner of krijgt een ander stigma zich geplakt.

Bij De Andere Krant hebben we wijsheid en waarheid weliswaar ook niet in pacht maar we achten het aandacht geven aan andere zienswijzen essentieel voor de vrije meningsvorming. We
laten ons geen taboes aanpraten, laat staan opleggen en geloven in een vrij en pluriform
debat. We zijn altijd aanspreekbaar op wat we publiceren en horen
het graag als we er toch blijken naast te zitten.








De Andere Krant is goed wijs.
We willen bijdragen aan een wereld waar iedereen in vrijheid en
harmonie met en ook naast elkaar kan leven. We streven naar een leefomgeving die dat mogelijk maakt en hebben daartoe drie
kernwaarden waaraan we al onze uitingen toetsen; integriteit, verbinding en kwaliteit. 








De Andere Krant is onafhankelijk. De financiering van redactie, vormgeving en drukwerk wordt opgebracht door abonnementen, door losse verkoop en door donaties.
Sinds de start van De Andere Krant wordt er desondanks volop gespeculeerd over hoe we
onze operatie financieren. De eerste uitgave van de themakrant ging over Rusland. Iets dat voor
verschillende media een aanleiding was om een Russische connectie
te veronderstellen. De eerste roebel - zou dat het geval zijn - laat dan wel héél erg lang op zich wachten.
We brengen artikelen met actueel nieuws, met achtergronden, columns, interviews en met opinie. Daarnaast gaat veel van onze aandacht uit naar de positieve ontwikkelingen. Stichting KnowledgeMatters Rekening: NL03TRIO0198093675 OVV - DeAndereKrant De  Krant is daadwerkelijk onafhankelijk. We belichten alle thema’s die volgens ons relevant zijn zonder dogma’s of taboes.We zijn kritisch en staan open voor kritiek. We geven ruim aandacht aan inspirerende en creatieve oplossingen voor de problemen van onze tijd.
Volg Ons:       






©2023 De Andere Krant.  Alle rechten voorbehouden.",[],https://deanderekrant.nl/overons
"AndereKrant




 of koop in de buurt de nieuwste edite.
			
					Neem een proefabonnement of probeer gratis onze special over de Pandemiewet.
				



















Karel Beckman
Arjen PasmaPieter StuurmanSander CompagnerWouter MeijsKarel Beckman

Sticker actie voor contant geld                     
andere






















                     
Volg Ons:       






©2023 De Andere Krant.  Alle rechten voorbehouden.",[],https://deanderekrant.nl/
"AndereKrant




(PDF)    
Volg Ons:       






©2023 De Andere Krant.  Alle rechten voorbehouden.",[],https://deanderekrant.nl/edities/3
"AndereKrant




",[],https://deanderekrant.nl/abonnement
"AndereKrant









































Volg Ons:       






©2023 De Andere Krant.  Alle rechten voorbehouden.",[],https://deanderekrant.nl/nieuws/Vaccinatieschade
"AndereKrant




 Betalingen voor de bestellingen kunnen gedaan worden middels bijgevoegde doneer knop of middels een overschrijving naar:  Stichting KnowledgeMatters  Rekening: NL03TRIO0198093675
Volg Ons:       






©2023 De Andere Krant.  Alle rechten voorbehouden.",[],https://deanderekrant.nl/bestellen?btab=Zaterdageditie&wee=1
"AndereKrant





























































































































































































Volg Ons:       






©2023 De Andere Krant.  Alle rechten voorbehouden.",[],https://deanderekrant.nl/nieuws/Mens en Macht
"AndereKrant



































































































Volg Ons:       






©2023 De Andere Krant.  Alle rechten voorbehouden.",[],https://deanderekrant.nl/nieuws/Economie
"AndereKrant

















































































































































































Volg Ons:       






©2023 De Andere Krant.  Alle rechten voorbehouden.",[],https://deanderekrant.nl/nieuws/Geo-politiek
"AndereKrant



















































Volg Ons:       






©2023 De Andere Krant.  Alle rechten voorbehouden.",[],https://deanderekrant.nl/nieuws/Klimaat
"AndereKrant















































































































































































Volg Ons:       






©2023 De Andere Krant.  Alle rechten voorbehouden.",[],https://deanderekrant.nl/nieuws/Samen Leven
"AndereKrant















































































































































Volg Ons:       






©2023 De Andere Krant.  Alle rechten voorbehouden.",[],https://deanderekrant.nl/nieuws/Cultuur
